uid,address,postCode,defaultType
c4160ae290f80ba9c9aa5bba11648dc2,"Van-der-Smissen-Straße 9, Hamburg, Hamburg",22767,business
f86b86eee81c89d7dc049646a43f2981,"TEKNIKERBYEN 5, 1., SØLLERØD, VIRUM, Hovedstaden",2830,business
3e3c7576a3df01635fb0b1b5636f2273,"5 HOWICK PLACE, LONDON, GB-LND",SW1P 1WG,business
102060f3a1aa7fd3d117681b11cab8c5,"C/O THE CORPORATION TRUST COMPANY, CORPORATION TRUST CENTER 1209 ORANGE ST, WILMINGTON, Delaware",19801,registered
7e639c74debbf0abdf58c1cae1b36621,"401 NORTH MICHIGAN AVE., CHICAGO, Illinois",60611,business
f6cbf62f95eb7f905bf50a44783b5595,"401 N. MICHIGAN AVENUE, SUITE 501, CHICAGO, Illinois",60611,business
07f0407fc998a1e7687d51a560b7fc89,"C/O ØRSTED A/S, KRAFTVÆRKSVEJ 53, SKÆRBÆK, FREDERICIA, Syddanmark",7000,business
ded669cebaa83c45a91a561edef6b11f,"KRAFTVÆRKSVEJ 53, SKÆRBÆK, FREDERICIA, Syddanmark",7000,business
03e911346577356c42156fb74304ee7b,"19TH FLOOR, NO. 1, SONGZHI ROAD, WEST VILLAGE, TAIPEI, TW-TPE",110411,registered
6983a3371ce9a3824c7f999e35b69373,"C/O ØRSTED A/S, SKAERBAEK, FREDERICIA, Syddanmark",7000,business
e22e099288e3782ff07fb06ac9e87602,"C/O NATIONAL REGISTERED AGENTS, INC., 1209 ORANGE STREET, WILMINGTON, Delaware",19801,registered
5a28b205b3ee630e564b5bab4179d26b,"401 NORTH MICHIGAN AVENUE, CHICAGO, Illinois",60611,business
6e34e79ecce54017ee47a7fecba6a10e,"C/O ØRSTED A/S, SKÆRBÆK, FREDERICIA, Syddanmark",7000,business
18d2dfd914975c0e26e91c6fd9ed58c1,"MARKWEG 194, ROTTERDAM, Noord-Brabant",3198NB,business
5d48c44da0031c6507a60fee8896945d,"C/O ONSHORE NORTH AMERICA LLC, 401 NORTH MICHICAGN AVE, SUITE 501, CHICAGO, Illinois",60611,business
d2f069eab539c22bf5f7f41a0c8cf90d,"C/O ORSTED ONSHORE NORTH AMERICA, LLC, Suite 501, CHICAGO, Illinois",60611,business
2aff6aba4c7f11cde9ef7a2f0db22f4a,"C/O ONSHORE NORTH AMERICA LLC, 401 NORTH MICHIGAN AVE, SUITE 501, CHICAGO, Illinois",60611,business
166ec914d916b900ca2097f9076cb230,"C/O NATIONAL REGISTERED AGENTS, INC, 1209 ORANGE STREET, WILMINGTON, Delaware",19801,registered
edebef0757bd96af8da2cb22614ac2ea,"401 NORTH MICHIGAN, SUITE 501, CHICAGO, Illinois",60611,business
0e90f2d972553571dfae3cdf6af6c0f8,"C/O ØRSTED A/S, KRAFTVARKSVEJ 53-SKAERBAEK, FREDERICIA, Syddanmark",7000,business
75fd12a7c25b539cf507479b1e6daab8,"C/O C T CORPORATION SYSTEM, 3800 N CENTRAL AVE STE 460, PHOENIX, Arizona",85012,business
4866278c3f189a15b74e25035d17f07d,"C/O ØRSTED A/S, KRAFTVÆRKSVEJ 53, SKÆRBÆK, Syddanmark",7000,business
8614a5609d9f8915121ef8fcf19accad,"C/O LINCOLN CLEAN ENERGY, LLC, 401 N. MICHIGAN AVENUE, SUITE 501, CHICAGO, Illinois",60611,business
216fbab2a104bf3775a2de75841e799d,"401 NORTH MICHIGAN AVE, SUITE 501, CHICAGO, Illinois",60611,business
0901e80d2afd44145e83f8a6291878e6,"42-46 FOUNTAIN STREET, BELFAST, GB-BFS",BT1 5EF,business
56e0d1cda29ceb32002ab55e7c2b20a4,"C/O ONSHORE NORTH AMERICA LLC, 401 NORTH MICHIGAN AVENUE, SUITE 501, CHICAGO, Illinois",60611,business
1782ba6eed260b5763e04ba7d4caa3e6,"401 NORTH MICHICAGN AVE, SUITE 501, CHICAGO, Illinois",60611,business
80582dd3d4bbc53f0fc6b0a3c77dbf05,"C/O ONSHORE NORTH AMERICA LLC, 401 NORTH MICHIGAN, SUITE 501, CHICAGO, Illinois",60611,business
312c590ac93bab39406130a374cfe82f,"C/O Lincoln Clean Energy, LLC, Suite 501, Chicago, Illinois",60611,business
6c115926660453c95c8c75e03fa94071,"C/O ØRSTED A/S, KRAFTVÆRKSVEJ 53 SKÆRBÆK, FREDERICIA, Syddanmark",7000,business
843ad54aaa2bbb586b1bf1f0574baa56,"5 HOWICK PLACE, LONDON, ENGLAND",SW1P 1WG,registered
d7af50c30b2b35b74347ea52b81c5ef9,"CLIFFORD CHANCE THE LUMEN, ST JAMES BOULEVARD, NEWCASTLE HELIX, NEWCASTLE UPON TYNE",NE4 5BZ,registered
575ad205a1de984e11b02b6fa1c000fa,"1 BARTHOLOMEW LANE, LONDON, ENGLAND",EC2N 2AX,registered
40c9115cada93283365cc9319cd48573,"5 HOWICK PLACE, LONDON",SW1P 1WG,registered
e4fe1a27deac68e0b0074db282f4ca61,"5 LOTHBURY, LONDON, GB-LND",EC2R 7HD,business
294346d6b65ac40b836f648183a4a8d8,"SEPEHR TOWER, 43, SOMAYEH AVENUE, TEHRAN, Tehrān",15718-38337,business
eb6516913a70fa18916225e81a8da23d,"16 RUE DE LA PAIX, PARIS",75002,registered
6e8e29061577a0be2647710c5c81423f,"631 AVENUE SOMAYEH 43 TOUR SEPEHR, TEHERAN",1193653471,business
b9f870a6580d1b7f6637f5f0e52a5b39,"Building No.58, P.O. BOX. 2256, Doha, Ad Dawḩah",,registered
3bcd62d91fbeb72192be3e30333067fb,"Sepehr Tower, 43, Somayeh Avenue, Tehran, Tehrān",15718-38337,business
720111f582f7e3957eb9c58d7db544b1,"25-29 EL. VENIZELOU STR. (PANEPISTIMIOU), ATHENS, GR-I",10564,registered
24e80483c021e71e680c9c63238b106e,"SEPEHR TOWER, TEHRAN, Tehrān",15718-38337,business
99e82b9881f503e5c6128596a109eef9,"5 LOTHBURY, LONDON",EC2R 7HD,registered
84154a52f5d58850671cea8f6a1fee2c,"CORONATION ROAD, CRESSEX, HIGH WYCOMBE, GB-BKM",HP12 3TZ,business
08e244e81a3d78e07101e92c8057e922,"BARDON HILL, BARDON ROAD, COALVILLE, LEICESTERSHIRE",LE67 1TL,registered
b872dcda3171070445f47c1552715df9,"THE STANLEY BUILDING, 7 PANCRAS SQUARE, LONDON, ENGLAND",N1C 4AG,registered
b6e1bb1cdc451e1740e5ce8a1ae0c7f4,"DUNNS WOOD ROAD, WARDPARK SOUTH INDUSTRIAL ESTATE, CUMBERNAULD",G67 3EN,registered
85d80c5ce087b0f85f7153f1e4a7e9ed,"101 CLYDESMILL DRIVE, CLYDESMILL INDUSTRIAL ESTATE, CAMBUSLANG, GLASGOW",G32 8RG,registered
54dc14213bf040403893f284f93b7d8b,"CRESSEX BUSINESS PARK, CORONATION ROAD, HIGH WYCOMBE, ENGLAND",HP12 3TZ,registered
ec8034b84dcb926430f9d87cee17fa26,"CORONATION ROAD, CRESSEX, HIGH WYCOMBE, BUCKS",HP12 3TZ,registered
ddcdcf5bc70374d76b8b5d7063c71705,"CORONATION ROAD, CRESSEX, HIGH WYCOMBE, BUCKINGHAMSHIRE",HP12 3TZ,registered
f45a8a8a3ebea68344f5aeb8c4a4550c,"CRESSEX BUSINESS PARK CORONATION ROAD, CRESSEX BUSINESS PARK, HIGH WYCOMBE, ENGLAND",HP12 3TZ,registered
5b888a98c354db64c4fe8491fce345fe,"8 WHITE OAK SQUARE, LONDON ROAD, SWANLEY, KENT",BR8 7AG,registered
8824cb65349e468b431df847c9988947,"King Abdullah Financial Center, King Fahad Road,Al-Aqeeq District, Riyadh, Ar Riyāḑ",13511,business
98e292ed3c61fda45b2ae9851e3eeddd,"İNKILAP MAH. SOKULLU CAD. TÜRKIYE FINANS NO: 6 İÇ KAPI NO: 6 ÜMRANİYE / İSTANBUL, İSTANBUL",34768,registered
3df36f51118365ff9378c892b77c2e6b,"SARAY MAHALLESİ SOKULLU CAD. NO: 6/21 ÜMRANİYE/İSTANBUL, İSTANBUL",34768,business
baa01e36347a1aed64e7c72ee7a95b54,"Al-Nakheel, Riyadh, Ar Riyāḑ",11452,business
4f3fcab664ac42553b00aedc238c8feb,"C/O Maples Corporate Services Limited, Grand Cayman, George Town",KY1-1104,registered
0af6cb734024e5ff404b9017349adf8f,"C/O Gulf International Bank (UK) Limited, One Curzon Street, London",W1J 5HD,business
743b37b912c6f3059f4f93e42ab58171,"Digital City, Building MU04, Al Nakhil District, P.O. Box 6847, Riyadh , Kingdom of Saudi Arabia, Riyadh, Ar Riyāḑ",11452,registered
918657c2a1583f7f26a2c7aaa8852bda,"Al-Nakheel,Riyadh, Al-Nakheel,Riyadh, Riyadh, Ar Riyāḑ",11452,business
ec8d55239863267a3434e7929f10076d,"Al-Muhair Street, Al-Nakhil District,RGNA6550, Riyadh, Ar Riyāḑ",12382,business
6205843111d5c326951a75c31f8a61e5,"Digital City, MU04, Alnakheel Ditrict, Riyadh, Ar Riyāḑ",11233,registered
2cfa4881c71c26e87016cdb3c3a5f31c,"Saudi Arabia, Riyadh, Building MU04 Alraida City, Riyadh, Ar Riyāḑ",11456,business
e0aec2528f0c05a787d53cd4d950a406,"Al Nakhail District, Digital City,RGNA6550, Riyadh, Ar Riyāḑ",12382,business
5dfb0d1ee4296e8c4e01d25604f74222,"İNKILAP MAH. SOKULLU CAD. TÜRKIYE FINANS NO: 6 İÇ KAPI NO: 3 ÜMRANİYE, İSTANBUL",34000,business
1b515fc70234f196bdfd87a0a79530ad,"Yakacik Mevkii Adnan Kahveci, Kartal, Istanbul, İstanbul",,registered
e22327736b6e8f6c403b302f0c3a0c51,"Yakacik Mevkii Adnan Kahveci, Kartal, Istanbul, İstanbul",34876,business
f1f7d5d2b24f3aaa5933f73e92af8e04,"C/O Corporation Service Company, 251 Little Falls Drive, Wilmington, Delaware",19808,registered
93335ed8cd8150f9fd93d567ae77fa41,"ST JAMES PARK, NEWCASTLE UPON TYNE, GB-NET",NE1 4ST,business
ee217a14ca40eebffb4e5db6d3d88d4b,"AI-Dowali Building, 3 Palace Avenue, Manama",1017,business
7ce881c67f5e5c374e71cb3386dfd057,"Riyadh Front - King Khalid Airport, Riyadh - 3727, Riyadh, Ar Riyāḑ",13413,business
405dab32b49f83e2b623266693836a72,"FIRST FLOOR, ONE, CURZON STREET, LONDON, GB-LND",W1J 5HD,business
86cf08b2302e424b7e955e2c379add59,"4TH FLOOR MILLBANK TOWER, 21-24 MILLBANK, LONDON",SW1P 4QP,registered
9030b401e86faaa2f7917d35b95963e1,"ST JAMES' PARK, NEWCASTLE UPON TYNE",NE1 4ST,registered
84011e4525fcb543f3b22e904c2592f4,"ST JAMES PARK, NEWCASTLE UPON TYNE",NE1 4ST,registered
a3749ed8d8e48be98448de6e7edcb987,"ST JAMES PARK STRAWBERRY PLACE, NEWCASTLE UPON TYNE",NE1 4ST,registered
f9311e4e47999c894fef4144275a85f3,"ST JAMES'S PARK, NEWCASTLE UPON TYNE",NE1 4ST,registered
37d80dd932e7397223f316451d65b4b0,"ST JAMES PARK, NEWCASTLE UPON TYNE, TYNE & WEAR",NE1 4ST,registered
7bb74461955b96a000bf2d7ecc351b68,"ST JAMES'PARK, NEWCASTLE UPON TYNE, TYNE & WEAR",NE1 4ST,registered
dead5dd044b17b434dc1d6b7e288abb0,"ST JAMES' PARK, STRAWBERRY PLACE, NEWCASTLE UPON TYNE",NE1 4ST,registered
9e8123ad87b10223485949208e6396cb,"ST JAMES PARK,, NEWCASTLE-UPON-TYNE",NE1 4ST,registered
f445332c579e60f817ca90a8966a0781,"ST. JAMES' PARK, NEWCASTLE UPON TYNE",NE1 4ST,registered
c599021d4e97e577ec3d774dca0e3cc9,"ST JAMES' PARK, NEWCASTLE UPON TYNE, TYNE AND WEAR",NE1 4ST,registered
e39dc7bd03de40b3f4c443bfb76996c2,"ST JAMES PARK, BARRACK ROAD, NEWCASTLE UPON TYNE",NE1 4ST,registered
3528d835c698ecb0dcaad0dbf8173ae6,"C/O TMF GROUP 13TH FLOOR, ONE ANGEL COURT, LONDON",EC2R 7HJ,registered
85671f65ffb3abd61def49bf33a230c7,"ST. JAMES PARK, STRAWBERRY PLACE, NEWCASTLE UPON TYNE, TYNE AND WEAR",NE1 4ST,registered
dc26e3b2ca897494a6f99a334522bc9a,"PKF LITTLEJOHN ADVISORY LIMITED, 15 WESTFERRY CIRCUS, CANARY WHARF, LONDON",E14 4HD,registered
a1c7a20fc85a12ff6b05506a135700e2,"GRENVILLE COURT, BRITWELL ROAD, BURNHAM, BUCKINGHAMSHIRE",SL1 8DF,registered
a03802c02a773a066d8dabf19204901e,"NEWCASTLE UNITED FOOTBALL CO LTD, SAINT JAMES PARK, STRAWBERRY, PLACE, NEWCASTLE UPON TYNE, TYNE & WEAR",NE1 4ST,registered
a30f10d83073f4e72a115299a1616077,"ST. JAMES' PARK, STRAWBERRY PLACE, NEWCASTLE UPON TYNE, ENGLAND",NE1 4ST,registered
7bb3f07560284be59a01136d35d277de,"ST JAMES PARK, STRAWBERRY PLACE, NEWCASTLE UPON TYNE",NE1 4ST,registered
ecddb73ca6db55566dd1a0572c004700,"CONNAUGHT HOUSE 850 THE CRESCENT, COLCHESTER BUSINESS PARK, COLCHESTER, GB-ESS",CO4 9QB,business
fb4ffd3e0f6853f1f2eaa741a4b52162,"GROUND FLOOR, 1330 ARLINGTON BUSINESS PARK, THEALE, READING, ENGLAND",RG7 4SA,registered
ecb2f4293d8071706f7e3bcdd78102f6,"Hawker House, 5-6 Napier Court, Napier Road, Reading, England",RG1 8BW,alternative
93ef316871c3c53f590a321032c3e24a,"LITTLE HOLLAND HALL FRINTON ROAD, HOLLAND-ON-SEA, CLACTON-ON-SEA, ENGLAND",CO15 5SS,registered
bb05106fbd7f19dee5bbc02353abca9e,"5 CHURCHILL PLACE, 10TH FLOOR, LONDON",E14 5HU,registered
6c1cbc6b3eb551d84afa9f525d1107d4,"CONNAUGHT HOUSE 850 THE CRESCENT, COLCHESTER BUSINESS PARK, COLCHESTER, ESSEX",CO4 9QB,registered
7b67ffada033b610d68769f55308f110,"THE GRIP THE GRIP, UNIT 5, LINTON, CAMBRIDGE, ENGLAND",CB21 4XN,registered
60eaa983da4a123c8bd35c89e6649b51,"CANNON PLACE, 78 CANNON STREET, LONDON, GB-LND",EC4N 6AF,registered
7548aed72dfa3991778159345532a8f6,"BRIMMOND HOUSE, PRIME FOUR BUSINESS PARK, KINGSWELLS, GB-ABE",AB15 8PU,business
62032f76007a516461abf9524f28891b,"FUJAIRAH 1 INDEPENDENT WATER AND POWER PLANT, RAS AL QIDFA, FUJAIRAH, Al Fujayrah",3020,business
f902768129efff6f9ac87ec0483c50e8,"Kruseman van Eltenweg 1, Alkmaar",1817BC,business
f06d894e98cd85b689c9142b77b5ac01,"LEVEL 24-25-26, AL MAQAM TOWER, MUBADALA BULD, AL MARIA ISLAND, Abū Z̧aby",55224,business
39076d721ac8578dda4402e639fbba2b,"c/o TAQA Neyveli Power Company Private Limited Uthangal, Umangalam, Via Vridhachalam, Cuddalore District",607804,business
e548142dfbe3d8a07d7f7e1e0ed5a80e,"KRUSEMAN VAN ELTENWEG 1, ALKMAAR, Noord-Holland",1817 BC,business
df6282ec8c67cbcab2ef05066383be93,"UTHANGAL,UMANGALAM(VIA), CUDDALORE, CUDDALORE, Tamil Nādu",607804,registered
0deb5031c731795416245827e1f81ba6,"79, KASTURI AVENUE, MRC NAGAR,, R A PURAM, CHENNAI, Tamil Nādu",600028,business
74013ea91ba658141354792ee6a7b881,"Al Taweelah - Al Taweelah - (Power Complex), Abu Dhabi",32255,business
c0b0d3802637de8a3b39b28c8a0a57ef,"CANNON PLACE, 78, CANNON STREET, LONDON",EC4N 6AF,registered
1e3d92cc84a0ea30ce289e86f64ac1e0,"CHERTSEY ROAD, SUNBURY ON THAMES, MIDDLESEX",TW16 7BP,registered
973cbc1c03df5ad1ca4c6c43a01b5633,"TOWN HALL, LERWICK, SHETLAND",ZE1 0HB,registered
43004f730feb1f3c6f18c5e4d8b6b907,"1 WELLHEADS AVENUE, DYCE, ABERDEEN",AB21 7PB,registered
698e398df8e5f0bcb5dc2e5d5f5dd2ed,"ENI HOUSE, 10 EBURY BRIDGE ROAD, LONDON",SW1W 8PZ,registered
ce06e20f41072e18efc019a969c72f46,"CHARLES HOUSE, 2ND FLOOR, 5-11 REGENT STREET, LONDON",SW1Y 4LR,registered
6b467521c58161bae60d7e09821f3049,"BDO LLP, 5 TEMPLE SQUARE, LIVERPOOL",L2 5RH,registered
9bd01bcfa01ea3f89d8972959b3d95d8,"C/O BDO LLP, 5 TEMPLE SQUARE, LIVERPOOL",L2 5RH,registered
32c6a47d0fe10327dd5161213829ae0e,"C/O BDO LLP, 5 TEMPLE SQUARE, TEMPLE STREET, LIVERPOOL",L2 5RH,registered
ad6b0dbff8df23db8ac6252048987498,"CHERTSEY ROAD, MIDDLESEX, SUNBURY ON THAMES, ENGLAND",TW16 7BP,registered
3f294a4bcfd1a2055320e4cb1f617b5e,"Town Hall, Charlotte Street, Lerwick, Shetland",ZE1 0JL,alternative
50e77e56edb21af002e4ec700a14eb3b,"CHERTSEY ROAD, SUNBURY ON THAMES, MIDDLESEX, TW16 7BP",TW16 7BP,registered
079bd92e5ed7077a998a3c60fb9bb8c4,"CHERTSEY ROAD, SUNBURY ON THAMES, ENGLAND",TW16 7BP,registered
c933b3fd86cd3ea43850911d788a74da,"CHERTSEY ROAD, SUNBURY ON THAMES, MIDDLESSEX",TW16 7BP,registered
ee2f31e7fbe8d3796b4dcdcd91d56073,"C/O BDO LLP 5 TEMPLE SQUARE, TEMPLE STREET, LIVERPOOL",L2 5RH,registered
9797a2f1fafee06198ddf6a54bb31eb4,"6 QUEENS ROAD, ABERDEEN, SCOTLAND",AB15 4ZT,registered
86c99462e07395049e8c432b62c4956a,"ENI HOUSE, 10, EBURY BRIDGE ROAD, LONDON, ENGLAND",SW1W 8PZ,registered
b3dda61192a359512e04e98e2fe765fd,"The General Secretariat Of The Executive Council, Airport Road, Abu Dhabi",,alternative
b7472b46f6f3182fe7a95a3b667e6fdc,"125 OLD BROAD STREET, LONDON, ENGLAND",EC2N 1AR,registered
11760401432b8b50a403c2c46687e711,"C/O THE CORPORATION TRUST COMPANY, 1209 ORANGE ST, WILMINGTON, Delaware",19801,registered
20a5436cd251c2cae55aa689c3c37868,"501 WESTLAKE PARK BOULEVARD, HOUSTON, Texas",77079,business
ba42db3473039d83beb2e106b9a30060,"Chertsey Road, Middlesex, Sunbury-on-Thames",TW16 7BP,business
6d53e2e84a628b471d5cb74bc1b429aa,"c/o Corporation Service Company, 251 Little Falls Drive, Wilmington, Delaware",19808,registered
ffdc66896966fa0cf909310975fa0ebd,"24601 Center Ridge Road, Westlake, Ohio",44145,business
802309636b74509d97213539cbe6ec1c,"7 STRAITS VIEW, #26-01, MARINA ONE EAST TOWER, SINGAPORE",018936,business
93d291dd200718e326abb9f4214bb086,"C/O CORPORATION SERVICE COMPANY, 251 LITTLE FALLS DRIVE, WILMINGTON, Delaware",19808,registered
f7c8e6f87a57f1a0eaab11d76aafe1e2,"251 LITTLE FALLS DRIVE, WILMINGTON, Delaware",19808,business
5933ba087bf5357299242bc7dc4eb5af,"TECHNOPOLIS KNOWLEDGE PARK,, ANDHERI (E), MUMBAI, MUMBAI, Mahārāshtra",400093,business
811795015f31e6e0ad5be0ee864f43e7,"8th Floor, Burj Khalifa Area, Dubai",,business
bd24e49a001e2a9bb89460f78652970a,"TECHNOPOLIS KNOWLEDGE PARK,, CHAKALA, ANDHERI (EAST), MUMBAI, Mahārāshtra",400093,business
90ecf27f973cad2c079ae91ee7770dd1,"CHERTSEY ROAD, MIDDLESEX, SUNBURY ON THAMES",TW16 7BP,business
7170f153811074bc291b3d590860343d,"26A IOANNOU APOSTOLOPOULOU, HALANDRI, ATHENS, GR-I",152 31,business
7d012dc9884a02d21730e10e623994c7,"PO BOX 941912, Houston, Texas",77094,business
c08937954ad90f39e6cb2fdda361d2e1,"CHERTSEY ROAD, MIDDLESEX, SUNBURY-ON-THAMES, GB-RIC",TW16 7BP,registered
2d249ec340b0951fc9b6e94868f8e444,"1 STREET JAMES'S SQUARE, LONDON, GB-LND",SW1Y 4PD,business
0997d2e29b40ba01e3d1c154b6afe74f,"SOROKSARI UTJA 32-34 / E, BUDAPEST, Budapest",1095,business
ae47f429a8056c5c911804a956693e56,"Chertsey Road, Middlesex, London",TW16 7BP,business
981faedbd1ea3ef95ae5cb8f77b14313,"CHERTSEY ROAD, MIDDLESEX, SUNBURY ON THAMES MIDDLESEX",TW16 7BP,business
8c27efb00e7779c7cba9506aca55e647,"CHERTSEY ROAD, SUNBURY ON THAMES, LONDON",TW16 7BP,business
c91476b41745e2bd064b25a8c8c27b0a,"20 CANADA SQUARE, LONDON",E14 5NJ,business
2fdeca25f47b2ee681702d01d5a0f82c,"CHERTSEY ROAD, SUNBURY-ON-THAMES, LONDON",TW16 7BP,business
18b14d78f3784350b9066d585ee309cf,"D'ARCYWEG 76, EUROPOORT, ROTTERDAM, Zuid-Holland",3198 NA,business
da95bc81630cbcd31644e542ce0144f5,"D'ARCYWEG 76, ROTTERDAM, Zuid-Holland",3198 NA,business
1de179d61afcdfdc773f9469a8cc3b32,"Aire de Capellen, Capellen, Capellen",L-8309,business
98d969189736248b61dd3d6121054f52,"C/O C T CORPORATION SYSTEM, STE 100, BOISE, Idaho",83702,registered
aff1ea7e9f2eedb7670edfa58b217dc4,"501 WESTLAKE PARK BLVD, HOUSTON, Texas",77079,business
701de2c584197310451df94801867998,"CALLE QUINTANADUENAS 6, EDIFICIO ARQBOREA, MADRID",28050,registered
e5b73cd39aa9b0f8df43ecf56434c2db,"WeWork, Regeringsgatan 29, Stockholm, Stockholms län [SE-01]",111 53,business
74e274d06708fac677e0795fdabfe25e,"C/O THE CORPORATION TRUST, INCORPORATED, SUITE 201, LUTHERVILLE TIMONIUM, Maryland",21093-2264,registered
193123e9dac61c1ac001cfe3d12beb13,"7 ST. PAUL STREET, SUITE 820, BALTIMORE, Maryland",21202,business
3567c128c05206aa752c8abb66e254e1,"CHERTSEY ROAD, MIDDLESEX, LONDON",TW16 7BP,business
c63bf8b46d4e673b7ba149143fcd1c7b,"Level 17, Docklands, Melbourne, AU-VIC",3008,business
81866a36c3adf7d87213921c5aadd60b,"UBERSEEALLEE 1, HAMBURG, Hamburg",20457,business
64e9abeedda8a753c79520d50eda595a,"Breckland, Linford Wood, Milton Keynes",MK14 6GY,business
54103ec1e1a18a09876779418560b028,"CHERTSEY ROAD, MIDDLESEX, SUNBURY-ON-THAMES",TW16 7BP,business
1acc7cf708e928ae478f3a99c937fd8c,"CORPORATION TRUST CENTER, 1209 ORANGE ST, WILMINGTON, Delaware",19801,business
00cd0ef13e4db22da20435c16ff0440a,"600-1741 LOWER WATER STREET, HALIFAX, Nova Scotia",B3J 0J2,registered
81bf8938fcc3c2752625f850dfea5adb,"P.O. BOX 997, HALIFAX, Nova Scotia",B3J 2X2,business
7d74a50fd57e5d19115d93f29aa43724,"C/O C T CORPORATION SYSTEM, SUITE 900, DALLAS, Texas",75201-3140,registered
cd5fbb7a442edb46de483dfe65d623eb,"1999 BRYAN ST, SUITE 900, DALLAS, Texas",75201-3140,business
21a599d969fbb9e5b67207fc91e4bcb5,"Level 17,717 Bourke Street,Docklands, Melbourne, AU-VIC",3008,registered
5f14b010f91c57b5b21a6a148a3c4fb3,"1 Saint James Square, London, GB-WSM",SW1Y 4PD,business
17fd8869dba067602e916eb077310a06,"1999 BRYAN ST, STE 900, DALLAS, Texas",75201-3140,business
e2856ae927ec51e9bca950b27b582586,"Chertsey Road, Sunbury On Thames, Middlesex",TW16 7BP,business
d677779321ce317233a3b7bc618c4b4b,"4519 Grandview Road, Blaine, Washington",98230,business
fd0e6895c2b36ff8b7ccd53e9d041094,"PO BOX 940100, JEFF SHHAEFFER EP3-13165D, Houston, Texas",77094,business
c88643efeefc7355f601c56af2f9f5ed,"C/O C T Corporation System, 334 North Senate Avenue, Indianapolis, Indiana",46204,registered
391315c66d5d2dc6d16edd3b284c0e54,"501 Westlake Park Boulevard, Houston, Texas",77079,business
ab90d84163257648863384b355e22005,"Office no 71 & 73, 7th Floor, Bandra (East), Mumbai",400051,registered
b557a680fdb9f267bf0f71b7d642586e,"1 ST JAMES'S SQUARE, LONDON, GB-LND",SW1Y 4PD,business
7789c246374b8a75ec375980d487ec91,"Skogarhlid 12, Reykjavik, IS-1",105,business
97233a9b2294707727c9bcb623d46a30,"C/O CT Corporation System, 334 North Senate Avenue, Indianapolis, Indiana",46204,registered
1eec9a98e79994f98ef2cb1101612c89,"CALLE QUINTANADUENAS, EDIFICIO ARQBOREA, MADRID",28050,business
664791bd2a4ef9b862d11af139ba79d8,"199 OXFORD STREET, DUNKELD, JOHANNESBURG, Gauteng",2196,registered
23d9f037b90c5d61e37824e260bfc902,"P O BOX 1554, JOHANNESBURG, Gauteng",2193,business
699f58736fa9118c7793e35ca12e4e31,"3, 10 Av de l'Entreprise Campus, Cergy, Paris",95863,business
f2d991f136a1c5954a868e9ecbe5e548,"Chertsey Rd, Sunbury-on-Thames",TW16 7BP,business
c068ad6b0daee784dcb1d5d96f262e34,"JASNOGÓRSKA 1, CRACOW, Małopolskie",31-358,business
19a46bb7bda8d7b92f1648c9259d0892,"EDIFICIO 3, OEIRAS, LISBON, Lisboa",2740-266,business
48a32254d3caa04276e5bad21b7f301c,"1 St James's Square, London, GB-LND",SW1Y 4PD,business
618301cabbc185b370ae502be7bd0468,"15377 MEMORIAL DR, STE 122, HOUSTON, Texas",77079,business
4e31165770a3625700543c5e78eb1eb7,"1 Wellheads Avenue, Dyce, Aberdeen",AB21 7PB,business
c0ee258e8792e5d1089ee0779e93590a,"Chertsey Road, Sunbury On Thames",TW16 7BP,business
781a261af07a3a22cd07a80b664e8175,"CHERTSEY ROAD, SUNBURY ON THAMES MIDDLESEX, LONDON",TW16 7BP,business
d3e2931b9987e22c1d783a0d87c047d7,"125 Old Broad Street, London",EC2N 1AR,registered
e9f60bc58e842a154af7c1dfed9c63c8,"Chertsey Road, Middlesex, Sunbury On Thames",TW16 7BP,business
6bf5dfca0f654fbe34f9718e590bd262,"59 AUREL VLAICU STREET, OTOPENI, Ilfov",420065,business
3503998fdccddecc29d2c0ccd07672ca,"VIA GAETANO DE CASTILLIA 23, MILANO, Milano",20124,business
f515bc9e0d15bebaa9434eaedad506a1,"7 STRAITS VIEW, MARINA ONE EAST TOWER, SINGAPORE",018936,business
5f3d36e5606a625f84c304764e67923a,"C/O CT CORPORATION SYSTEM, SUITE 125, COLUMBUS, Ohio",43219,registered
a001bc82908ad12aaf1d4916460c6a52,"400 Montgomery Street, 8th Floor, San Francisco, California",94104,business
0884dc06645c2294fa9ab6dc087635ba,"C/O CORPORATION SERVICE COMPANY DBA CSC - LAWYERS INCO, SUITE 620, AUSTIN, Texas",78701,registered
4e63997011a8d50c742ef0a8ed401245,"400 Montgomery Street, 8th Floor, San Francisco, California",48104,business
e9b51eb687677569ff538345f4046787,"Chertsey Road, Sunbury-on-Thames, Middlesex",TW16 7BP,business
42ba2c5a644545ffa49f66eae8f719d5,"HAWKSLEASE, CHAPEL LANE, LYNDHURST, HAMPSHIRE",SO43 7FG,registered
e6860df6578f32eb10e5e896c1af6b5f,"HAWKSLEASE, CHAPEL LANE, LYNDHURST, ENGLAND",SO43 7FG,registered
f51a9691131c03ee4c9196794675a2a8,"Town House, Broad Street, Aberdeen",AB10 1AQ,alternative
23cb844daaeb34ffc4e759afac30954d,"BRECKLAND, LINFORD WOOD, MILTON KEYNES",MK14 6GY,registered
a250f9da3b23f5f11d85f7c18d8af521,"10 UPPER BANK STREET (19TH FLOOR), CANARY WHARF, LONDON",E14 5BF,registered
de772f6112fe3a83f2273b6b804e8456,"MW1 BUILDING 557 SHOREHAM ROAD, HEATHROW AIRPORT, LONDON",TW6 3RT,registered
d59e6137edc318fad7e9740aa443ed1c,"SUITE 3 REGENCY HOUSE 91, WESTERN ROAD, BRIGHTON",BN1 2NW,registered
8064badcd93803f27f3ed321dcdc5b23,"DUKES COURT, DUKE STREET, WOKING, SURREY",GU21 5BH,registered
7fc7a32c9304e62051fce93a0e46bfb3,"DUKE'S COURT, DUKE STREET, WOKING, SURREY",GU21 5BH,registered
30a1a78efd3054d1be2c7c3d40bdafb3,"SHELL CENTRE, LONDON",SE1 7NA,registered
cde2bcb378d7a4de323edd1de0eb518b,"5-7 ALEXANDRA ROAD, HEMEL HEMPSTEAD, HERTFORDSHIRE",HP2 5BS,registered
7a8fac861cc69e708aa89b3c7136c613,"SUITE 44 (C/O BEST4BUSINESS ACCOUNTANTS) BEAUFORT COURT, ADMIRALS WAY, LONDON",E14 9XL,registered
622c2ab01db3b7b507f1544b0a2974b3,"KELVIN BUILDING BRAMAH AVENUE, EAST KILBRIDE, GLASGOW",G75 0RD,registered
f9063598d95022471c05262f170bcf87,"TECHNOLOGY CENTRE, WHITCHURCH HILL, PANGBOURNE, READING",RG8 7QR,registered
1d8fe1cf64a675b9e4e2a33a75e8ae4d,"BUILDING 1204 SANDRINGHAM ROAD, HEATHROW AIRPORT, HOUNSLOW, MIDDX",TW6 3SH,registered
bd48457893a293cc5e9da8b91bbe3209,"3 WATERFRONT BUSINESS PARK, DUDLEY ROAD, BRIERLEY HILL, WEST MIDLANDS",DY5 1LX,registered
a4671658b0f94ad9433e41b8f24de9ea,"7TH FLOOR, 33 HOLBORN, LONDON",EC1N 2HU,registered
2cbe2fb04816ee6699b4adca4580434f,"C/O JOHNSTON CARMICHAEL BISHOP'S COURT, 29 ALBYN PLACE, ABERDEEN, ABERDEENSHIRE",AB10 1YL,registered
c0d6de6678be38e7c0d1a11bfcf81053,"C/O  BP ADVANCED MOBILITY LIMITED, CHERTSEY ROAD, SUNBURY ON THAMES, MIDDLESEX",TW16 7BP,registered
34c2e21070ce1969baab75433436bf6a,"CHERTSEY ROAD, SUNBURY ON THAMES, MIDDLESEX, ENGLAND",TW16 7BP,registered
ff2a413e4bad6d8f0c3551b59d33155c,"- CHERTSEY ROAD, SUNBURY ON THAMES, MIDDLESEX",TW16 7BP,registered
110b4f0169e9d15f7aa363a4c9bd2fa4,"CHERTSEY ROAD, SUNBURY ON  THAMES, MIDDLESEX",TW16 7BP,registered
fa4aa72dcd9f437f3f32a922d28ae0dd,"1 ST JAMES'S SQUARE, LONDON",SW1Y 4PD,registered
328bd1357f9de2f2ea77023a4c326499,"2ND FLOOR EASTER DALRY HOUSE, 3 DISTILLERY LANE, EDINBURGH",EH11 2BD,registered
19672bcdb679fe622e078a55d88019fe,"WHITE BUILDING STUDIOS, 1-4 CUMBERLAND PLACE, SOUTHAMPTON, ENGLAND",SO15 2NP,registered
ce93ef22a3b632187c89aa3c00194f53,"ERMYN HOUSE, ERMYN WAY, LEATHERHEAD, SURREY",KT22 8UX,registered
8680f5af925ec3fc981ac1466001e384,"C/O FRP ADVISORY TRADING LIMITED, 2ND FLOOR, 110 CANNON STREET, LONDON",EC4N 6EU,registered
811160affbcd5966e4c554c745bd04a4,"10 UPPER BERKELEY STREET, LONDON",W1H 7PE,registered
0ad5725c79a03ed634dd9a1b9bb16a1e,"PX HOUSE, WESTPOINT ROAD, STOCKTON-ON-TEES, ENGLAND",TS17 6BF,registered
31cd348bfb932905523d4e841fce4302,"4TH FLOOR, NOVA SOUTH, 160, VICTORIA STREET, LONDON, ENGLAND",SW1E 5LB,registered
5a1867cd46f402388eefe7f0ad6f42c5,"Behrenstraße 18, Berlin, Berlin",10117,business
b57b5a53622844368889b356af79f035,"набережная Софийская, дом 26/1, Москва, RU-MOW",115035,registered
da6aad872c670553df7dec04ae986424,"набережная Софийская, 26/1, Москва, RU-MOW",115035,business
8fd159ff94153979770d4aaa5bf0396b,"ул. Беговая, д.3, стр. 1, этаж 26, помещ. 26 A-31,32, Москва, RU-MOW",125284,registered
cb8935b2dbf647f874eb705b31306b7b,"ул. Беговая, д. 3, стр. 1, пом. 26А-31,32, этаж 26, Москва, RU-MOW",125284,business
081a01f56cdb1b0f613935d4f9866a23,"УЛ БЕГОВАЯ, 3, стр. 1, ЭТАЖ 26, ПОМЕЩ. 26D-18, Москва, RU-MOW",125284,registered
eb0f5b10659d85c918ada8308a3c9b34,"УЛ БЕГОВАЯ, Д. 3, СТР. 1, ЭТАЖ 26, ПОМЕЩ. 26D-18, Москва, RU-MOW",125284,business
a7a3ddcca9fa5644db4c17b163b0381a,"35-37 NEW STREET, ST HELIER",JE2 3RA,business
05a586f815af6c0c20392a4ac52953a9,"NORTHCLIFFE HOUSE, 2 DERRY STREET, LONDON, GB-KEC",W8 5TT,business
ac6460bc21f71ba488314bc40fb96466,"C/O CORPORATION SERVICE COMPANY WHICH WILL DO BUSINESS IN CALIFORNIA AS CSC - LAWYERS INCORPORATING, 2710 Gateway Oaks Drive, Suite 150N, SACRAMENTO, California",95833,registered
dd64691596a233ab745b80c5333cfc49,"7515 Gateway Boulevard, Newark, California",94560,business
62e10a10eb58fada1f5949d46003a5e7,"NORTHCLIFFE HOUSE, 2 DERRY STREET, LONDON, GB-LND",W8 5TT,business
f8ceb8f72e461ddaae8345f46607e03b,"SUITE G02 66-67 NEWMAN STREET, FITZROVIA, LONDON, GB-LND",W1T 3EQ,business
2aee63177e9ea48cf267fdf67b07ca52,"NORTHCLIFFE HOUSE, 2 DERRY STREET KENSINGTON, LONDON, GB-LND",W8 5TT,business
38ab2808a7535b8e6c57cf576d4358c8,"NORTHCLIFFE HOUSE, 2 DERRY STREET, LONDON, ENGLAND",W8 5TT,registered
588e27162f310cb01b11cb266b3c104d,"5 BARNFIELD CRESCENT, EXETER, DEVON",EX1 1QT,registered
c4149748a4557133563fc1fdb08cad33,"203 LONGFELLOW ROAD, COVENTRY, WEST MIDLANDS",CV2 5HL,registered
3faeb4022ea84d5b4151b964ba279722,"NORTHCLIFFE HOUSE 2 DERRY STREET, KENSINGTON, LONDON",W8 5TT,registered
922c9a6305171d99f79515f6f19245ff,"31ST FLOOR, 40 BANK STREET, LONDON",E14 5NR,registered
2a79696f705618df335cd8e5c3def77f,"MERIDIAN HOUSE, WHEATFIELD WAY, HINCKLEY, LEICESTERSHIRE",LE10 1YG,registered
1670d59f89438e0800b0a4ab7c448f63,"NORTHCLIFFE HOUSE, 2 DERRY STREET, LONDON",W8 5TT,registered
6afed04c892f1dd30f0709723fb67336,"C/O PRAXIS, 1 POULTRY, LONDON",EC2R 8EJ,registered
223ffa0238acbb5cb8f4bbb1adc9eb1c,"NORTHCLIFFE HOUSE 2 DERRY STREET, KENSINGTON, LONDON, ENGLAND",W8 5TT,registered
0eeccf4129c4181e7a3f539578ffcf9d,"c/o DMGT PENSIONS, DERRY STREET, LONDON",W8 5TT,registered
aba2631d66b7bf538197afc569115706,"NORTHCLIFFE HOUSE, 2 DERRY STREET, KENSINGTON, LONDON",W8 5TT,registered
e6dc7922710c992755d39f82553e0e5a,"C/O DAILY MAIL&GENERAL TRUST PLC, NORTHCLIFFE HOUSE, 2 DERRY STREET, LONDON",W8 5TT,registered
feded9cb0cb67d1a89c08ab2a2b5a371,"5-6 ABBEY COURT EAGLE WAY, SOWTON INDUSTRIAL ESTATE, EXETER, ENGLAND",EX2 7HY,registered
ce7ed3cdb67feee6e26503bd78d503a4,"NORTHCLIFFE HOUSE 2 DERRY STREET, LONDON",W8 5TT,registered
d929f6e05038509aa383db829d69eb4e,"55 WELLS STREET, LONDON, ENGLAND",W1T 3PT,registered
a78a50f1c224d35e6018c01f8179ec31,"NORTHCLIFFE HOUSE, 2 DERRY STREET, KENSINGTON LONDON",W8 5TT,registered
b072c9ba8cd06b99375d4b3e635719cf,"1 TRANLEY MEWS, FLEET ROAD, LONDON, ENGLAND",NW3 2DG,registered
2c732db0a97c17723ee22eec09607f34,"UNIT 1-2 UNIT 1-2, 19A FORTESS GROVE, LONDON, ENGLAND",NW5 2HD,registered
ef25563e7d6615439469ec69a948547a,"SUITE G02, 66-67 NEWMAN STREET, FITZROVIA, LONDON",W1T 3EQ,registered
3e62cc0df73e043ad200b46dad977027,"LEVEL 4, DASHWOOD HOUSE, 69 OLD BROAD STREET, LONDON, ENGLAND",EC2M 1QS,registered
34bd1f4afa3e1a0a16c30038249c1f4d,"1 LONDON BRIDGE STREET, LONDON",SE1 9GF,registered
90a5021e8f4e2ea7481272176f6251a7,"GREAT CAMBRIDGE ROAD, HERTFORDSHIRE",EN8 8DY,registered
